{
  "accuracy": 0.9996,
  "f1_score": 0.9995994568498067,
  "precision": 0.9996001943162497,
  "recall": 0.9996,
  "cv_mean_f1": 0.9788004057367813,
  "cv_std_f1": 0.001800368372324997,
  "confusion_matrix": [
    [
      4115,
      0,
      0,
      0,
      0
    ],
    [
      1,
      205,
      0,
      0,
      0
    ],
    [
      0,
      0,
      183,
      0,
      0
    ],
    [
      1,
      0,
      0,
      143,
      0
    ],
    [
      0,
      0,
      0,
      0,
      352
    ]
  ],
  "classification_report": {
    "none": {
      "precision": 0.9995142093757591,
      "recall": 1.0,
      "f1-score": 0.9997570456754131,
      "support": 4115.0
    },
    "micro": {
      "precision": 1.0,
      "recall": 0.9951456310679612,
      "f1-score": 0.9975669099756691,
      "support": 206.0
    },
    "slow": {
      "precision": 1.0,
      "recall": 1.0,
      "f1-score": 1.0,
      "support": 183.0
    },
    "medium": {
      "precision": 1.0,
      "recall": 0.9930555555555556,
      "f1-score": 0.9965156794425087,
      "support": 144.0
    },
    "catastrophic": {
      "precision": 1.0,
      "recall": 1.0,
      "f1-score": 1.0,
      "support": 352.0
    },
    "accuracy": 0.9996,
    "macro avg": {
      "precision": 0.9999028418751518,
      "recall": 0.9976402373247033,
      "f1-score": 0.9987679270187183,
      "support": 5000.0
    },
    "weighted avg": {
      "precision": 0.9996001943162497,
      "recall": 0.9996,
      "f1-score": 0.9995994568498067,
      "support": 5000.0
    }
  }
}